county,org_name,aid_type,phone,hours
Cook,Greater Chicago Food Depository,Emergency Food Distribution,312-714-1414,24/7 Hotline
Cook,American Red Cross Greater Chicago,Disaster Relief / Emergency Shelter,312-729-6100,24/7
Cook,CEDA of Cook County,Energy Assistance / Utility Help,708-786-4600,Mon-Fri 8:30am-4:30pm
Cook,Catholic Charities Chicago,Food / Shelter / Family Counseling,312-655-7700,Mon-Fri 9am-5pm
DuPage,DuPage County Crisis Line,Mental Health and Crisis Support,630-627-1700,24/7
DuPage,Northern Illinois Food Bank,Emergency Food Distribution,630-443-6910,Mon-Fri 8am-4:30pm
Kane,Tri-County Community Services,Emergency Assistance / Case Management,630-897-4278,Mon-Fri 9am-5pm
Lake,Lake County Partners,Emergency Services Coordination,847-623-9600,Mon-Fri 9am-5pm
Lake,Midwest Shelter for Homeless Veterans,Veteran Housing and Aid,847-249-7725,24/7
McHenry,McHenry County Community Services,Emergency Assistance,815-334-4490,Mon-Fri 8am-5pm
Will,Will County Community Services,Emergency Assistance / Case Management,815-740-8930,Mon-Fri 8am-5pm
Will,Catholic Charities Will County,Emergency Food / Utility Assistance,815-723-3405,Mon-Fri 9am-5pm
