name,source,address,city,zip,county,phone,hours,latitude,longitude,last_refreshed_utc
Admunsen Park,Chicago Park District,6200 W. Bloomingdale Ave,Chicago,60639,Cook,(312) 746-5003,M-W 9AM-8pm; Th-F 9AM-6PM; Sat 9AM-4PM; Sun 9AM-2PM,41.913357,-87.780162,2026-07-03T04:15:02+00:00
Ada Park,Chicago Park District,11250 S. Ada St.,Chicago,60643,Cook,(312) 747-6002,M-F 10AM-10PM; Sat 10AM-6PM; Sun Closed,41.688409,-87.656016,2026-07-03T04:15:02+00:00
Brooks Park,Chicago Park District,7100 N. Harlem Ave.,Chicago,60631,Cook,(773) 631-4401,"M,Th 9AM-9PM; T,W 9AM-10PM; F 9AM-8PM; Sat & Sun 9AM-2PM",42.009816,-87.80736,2026-07-03T04:15:02+00:00
Chase Park,Chicago Park District,4701 N. Ashland Ave.,Chicago,60640,Cook,(312) 742-7518,M-F 6:30AM-10PM; Sat & Sun 8AM-4PM,41.967111,-87.66925,2026-07-03T04:15:02+00:00
Davis Square,Chicago Park District,4430 S Marshfield,Chicago,60609,Cook,(312) 747-6107,"M,T, TH 9AM-7PM; W&F 9am-8PM; Sat 9AM-5PM; Sun Closed",41.813101,-87.666507,2026-07-03T04:15:02+00:00
Clark Park,Chicago Park District,3400 N. Rockwell St.,Chicago,60618,Cook,(773) 248-3966,M-F 8AM-8PM; Sat 8AM-4PM; Sun 8AM-3PM,41.94165,-87.693182,2026-07-03T04:15:02+00:00
Douglass Park,Chicago Park District,1401 S. Sacramento Dr.,Chicago,60623,Cook,(773) 762-2842,M-F 9AM- 8PM; Sat 9AM-5PM; Sun Closed,41.862406,-87.699675,2026-07-03T04:15:02+00:00
Columbus Park,Chicago Park District,500 S. Central Ave.,Chicago,60644,Cook,(773) 287-7641,M-F 8AM- 8PM; Sat 9:30AM-6PM; Sun Closed,41.873895,-87.766182,2026-07-03T04:15:02+00:00
Fosco Park,Chicago Park District,1312 S. Racine Ave.,Chicago,60608,Cook,(312) 746-5086,M-F  7AM-8PM; Sat and Sun Closed,41.864651,-87.657514,2026-07-03T04:15:02+00:00
Fernwood Park,Chicago Park District,10436 S. Wallace St.,Chicago,60628,Cook,(312) 747-6132,"M-W 7:30AM-5PM, Th-F 7:30AM-8PM, Sat and Sun Closed",41.704289,-87.638567,2026-07-03T04:15:02+00:00
Ellis Park,Chicago Park District,3520 S. Cottage,Chicago,60653,Cook,(773) 285-7099,M-F 7AM-7:30PM; Sat 9AM-5PM; Sun Closed,41.830654,-87.610429,2026-07-03T04:15:02+00:00
Foster Park,Chicago Park District,1400 W. 84th St.,Chicago,60620,Cook,(312) 747-6135,M-F 7AM-8PM; Sat and Sun 9AM-5PM,41.741418,-87.658408,2026-07-03T04:15:02+00:00
Gill Park,Chicago Park District,825 W. Sheridan,Chicago,60613,Cook,(312) 742-7802,M-F 7AM-9:30PM; Sat 8:45AM-4:45PM; Sun 9AM-4:30PM,41.952361,-87.650568,2026-07-03T04:15:02+00:00
Hayes Park,Chicago Park District,2936 W. 85th St.,Chicago,60652,Cook,(312) 747-6198,M-F 7AM-8:30PM; Sat 9AM-5PM; Sun Closed,41.73901,-87.697081,2026-07-03T04:15:02+00:00
Garfield Park,Chicago Park District,100 N. Central Park,Chicago,60624,Cook,(312) 746-5092,M-F 9AM- 9PM; Sat 8:30AM-5PM; Sun Closed,41.882678,-87.716177,2026-07-03T04:15:02+00:00
Hiawatha Park,Chicago Park District,8029 W. Forest Preserve Ave.,Chicago,60634,Cook,(312) 746-5559,M-F 8AM-8PM; Sat 9AM-4PM; Sun 9AM-2PM,41.943711,-87.827414,2026-07-03T04:15:02+00:00
Harrison Park,Chicago Park District,1824 S. Wood St.,Chicago,60608,Cook,(312) 746-5491,"M,W,F 8AM-8:30PM; T&Th 8am-9pm; Sat  9AM-5PM; Sun Closed",41.856813,-87.671922,2026-07-03T04:15:02+00:00
Homan Square Park,Chicago Park District,3559 W. Arthington St.,Chicago,60624,Cook,(312) 746-6650,M-F 12PM- 7PM; Sat 12PM-4 PM,41.869325,-87.714139,2026-07-03T04:15:02+00:00
Jesse Owens Park,Chicago Park District,8800 S. Clyde Ave.,Chicago,60617,Cook,(312) 747-6709,M-F 9AM-7PM; Sat 10AM-5PM; Sun Closed,41.735316,-87.573941,2026-07-03T04:15:02+00:00
Jesse White Center,Chicago Park District,410 W. Chicago Ave.,Chicago,60654,Cook,(312) 742-2410,M-F  9AM-5PM; Sat & Sun Closed,41.896905,-87.639297,2026-07-03T04:15:02+00:00
Lindblom Park,Chicago Park District,6054 S. Damen Ave.,Chicago,60636,Cook,(312) 747-6443,M-F 9AM-8PM; Sat and Sun 9AM-5PM,41.783338,-87.674596,2026-07-03T04:15:02+00:00
Marquette Park,Chicago Park District,6743 S. Kedzie Ave.,Chicago,60629,Cook,(312) 747-6469,M-F 9AM-9PM; Sat and Sun 9AM-5PM,41.771316,-87.702831,2026-07-03T04:15:02+00:00
Mozart Park,Chicago Park District,2036 N Avers,Chicago,60647,Cook,(312) 742-7535,M-F 8AM-8PM; Sat 10AM-3PM; Sun Closed,41.917832,-87.723647,2026-07-03T04:15:02+00:00
McFetridge Sports Center,Chicago Park District,3843 N. California Ave.,Chicago,60618,Cook,(773) 478-2609,M-F 6AM-11PM; Sat & Sun 6AM-11PM,41.951894,-87.697405,2026-07-03T04:15:02+00:00
McGuane Park,Chicago Park District,2901 S. Poplar Ave.,Chicago,60608,Cook,(312) 747-6497,M-F 8AM-9PM; Sat 9AM-5PM; Sun Closed,41.841151,-87.648618,2026-07-03T04:15:02+00:00
Mt. Greenwood,Chicago Park District,3721 W. 111th St.,Chicago,60655,Cook,(312) 747-6564,M-F 9AM-9PM; Sat 9AM-1PM; Sun 9AM-5PM,41.691,-87.713765,2026-07-03T04:15:02+00:00
Olympia Park,Chicago Park District,6566 N Avondale Ave.,Chicago,60631,Cook,(773) 631-6861,M-F 9:30AM-9PM; Sat 9AM-5PM; Sun Closed,41.999359,-87.815202,2026-07-03T04:15:02+00:00
Ogden Park,Chicago Park District,6500 S. Racine Ave.,Chicago,60636,Cook,(312) 747-6572,M-F 10AM-8PM; Sat and Sun 9AM-5PM,41.77505,-87.65527,2026-07-03T04:15:02+00:00
Nash Community Center,Chicago Park District,1833 E. 71st St.,Chicago,60649,Cook,(773) 256-0904,M-F 7AM-8PM; Sat 9AM-5PM; Sun Closed,41.765826,-87.579798,2026-07-03T04:15:02+00:00
Ping Tom Park,Chicago Park District,1700 S. Wentworth,Chicago,60616,Cook,(312) 225-3121,M-F 9AM-8PM; Sat 9AM-5PM; Sun Closed,41.858384,-87.632705,2026-07-03T04:15:02+00:00
Pottawattomie Park,Chicago Park District,7340 N. Rogers Ave.,Chicago,60626,Cook,(773) 262-5835,M 9AM-9PM; T-TH 9AM-8:30PM; F 9AM-9PM; Sat 9AM-5PM; Sun Closed,42.015163,-87.678118,2026-07-03T04:15:02+00:00
River Park,Chicago Park District,5100 N. Francisco Ave.,Chicago,60625,Cook,(312) 742-7516,M-F 9AM-7:30PM; Sat 9AM-3PM; Sun 8:30AM-4:30PM,41.973981,-87.701961,2026-07-03T04:15:02+00:00
Rowan Park,Chicago Park District,11546 S. Avenue L,Chicago,60617,Cook,(773) 646-3180,M-F 10AM-6:30PM; Sat and Sun Closed,41.684946,-87.537345,2026-07-03T04:15:02+00:00
Sheridan Park,Chicago Park District,910 S. Aberdeen St.,Chicago,60607,Cook,(312) 746-5369,M-F  7AM-9PM; Sat 9AM-4:30PM; Sun 9am-3:30pm,41.870497,-87.654695,2026-07-03T04:15:02+00:00
Scottsdale Park,Chicago Park District,4637 W. 83rd St.,Chicago,60652,Cook,(773) 284-1826,M-F 9AM-9PM; Sat 9AM-5PM; Sun Closed,41.741972,-87.736285,2026-07-03T04:15:02+00:00
Smith Park,Chicago Park District,2526 W. Grand Ave.,Chicago,60612,Cook,(312) 742-7534,M-F 9AM-8PM; Sat 10AM-2PM; Sun Closed,41.891947,-87.689954,2026-07-03T04:15:02+00:00
Taylor-Lauridson Park,Chicago Park District,704 W. 42nd St.,Chicago,60609,Cook,(312) 747-6729,M-F 8AM-8PM; Sat 9AM-4PM; Sun Closed,41.817646,-87.64322,2026-07-03T04:15:02+00:00
South Shore Cultural Center,Chicago Park District,7059 S. South Shore Dr.,Chicago,60649,Cook,(773) 256-0149,M-Sun 7AM-7PM; Sat-hours can vary depending on special event schedule,41.768313,-87.563947,2026-07-03T04:15:02+00:00
Vittum Park,Chicago Park District,5010 W. 50th St.,Chicago,60638,Cook,(773) 284-6022,M-F 9:30AM-7PM; Sat and Sun Closed,41.80244,-87.748214,2026-07-03T04:15:02+00:00
Warren Park,Chicago Park District,6601 N. Western Ave.,Chicago,60645,Cook,(773) 262-6314,M-F 9AM-8:30PM; Sat & Sun 9AM-3:30PM,42.001421,-87.68987,2026-07-03T04:15:02+00:00
Washington Park,Chicago Park District,5531 S King Drive,Chicago,60637,Cook,(773) 256-1248,M-F 9AM-8PM; Sat 9AM-4PM; Sun Closed,41.788522,-87.606758,2026-07-03T04:15:02+00:00
West Lawn Park,Chicago Park District,4233 W. 65th St.,Chicago,60629,Cook,(773) 284-2803,M-F 9AM-9PM; Sat and Sun 9AM-5PM,41.774886,-87.728252,2026-07-03T04:15:02+00:00
Willye White Park,Chicago Park District,1610 W. Howard St.,Chicago,60626,Cook,(773) 262-5051,M-F 9AM-9PM; Sat and Sun Closed,42.019456,-87.671603,2026-07-03T04:15:02+00:00
Williams Park,Chicago Park District,2820 S. State St.,Chicago,60616,Cook,(312) 747-7107,M-F 9AM-6PM; Sat 10AM-3PM; Sun Closed,41.842903,-87.626977,2026-07-03T04:15:02+00:00
Bremen Township,Cook County (suburban),16361 S. Kedzie Pkwy.,Markham,60428,Cook,(708) 333-9530,9:00am-5:00pm Mon-Fri. Closed Saturday and Sunday.,41.591993,-87.693762,2026-07-03T04:15:02+00:00
Stickney Township (Louis S. Viverity Senior Center),Cook County (suburban),7745 S. Leamington Ave.,Burbank,60459,Cook,(708) 636-8850,Mon-Fri 8:30 a.m.-4:00 p.m. Closed Sat & Sun.,41.751504,-87.749135,2026-07-03T04:15:02+00:00
Elk Grove Township,Cook County (suburban),600 Landmeier Rd,Elk Grove Village,60007,Cook,(847) 437-0300,Monday - Friday 9 a.m. - 4 p.m. Saturday and Sunday Closed.,42.01495,-87.978574,2026-07-03T04:15:02+00:00
Schaumburg Township,Cook County (suburban),1 Illinois Blvd.,Hoffman Estates,60169,Cook,(847) 884-0030,Monday - Friday 8:30 a.m. - 5:00 p.m.  Saturday and Sunday-Closed,42.027785,-88.091978,2026-07-03T04:15:02+00:00
Palos Township,Cook County (suburban),10802 S Roberts Rd.,Palos Hills,60465,Cook,(708) 598-4418,8:30am-4:30pm Mon-Fri. Closed Sat & Sun.,41.695445,-87.817579,2026-07-03T04:15:02+00:00
Hanover Township (Senior Center),Cook County (suburban),240 S. Route 59,Bartlett,60103,Cook,(630) 483-5600,"Mon, Wed, Fri. 8:30am-4:30pm 8:30 a.m.  Tue & Thur. 8:00 p.m. - 8:30 a.m.  Saturday 12:30 p.m.  Sunday-Closed",41.984755,-88.20744,2026-07-03T04:15:02+00:00
Cicero Township (Village Building),Cook County (suburban),4949 W. Cermak Rd.,Cicero,60804,Cook,(708) 656-3600,"Monday, Tuesday, Thursday - 8:00 a.m. - 8:00 p.m.",41.851114,-87.748316,2026-07-03T04:15:02+00:00
Cicero (Community Building),Cook County (suburban),"2250 S. 49th Ave,",Cicero,60804,Cook,(708) 656-3600,"Monday, Tuesday, Thursday 8:00 a.m - 8:00 p.m.",41.849332,-87.746723,2026-07-03T04:15:02+00:00
Norwood Park Township,Cook County (suburban),7833 W. Lawrence Ave.,Norridge,60706,Cook,(708) 453-0861,Monday - Friday 9 a.m. - 3 p.m. Saturday and Sunday Closed,41.966599,-87.823394,2026-07-03T04:15:02+00:00
Bremen Township (Community Center),Cook County (suburban),15350 Oak Park Ave,Harvey,60426,Cook,(708) 333-9530,Monday - Friday 8:30 a.m. -4:00 p.m. Closed Saturday and Sunday. Masks encouraged but not required. No other restrictions in place,41.609878,-87.643418,2026-07-03T04:15:02+00:00
Orland Park (Orland Park Police Dept.),Cook County (suburban),15100 S. Ravinia Ave.,Orland Park,60462,Cook,(708) 349-4111,Monday - Tuesday 7:00 a.m.-11:00 p.m. Wednesday-Sunday 24 hours,41.615349,-87.857345,2026-07-03T04:15:02+00:00
Leyden Township,Cook County (suburban),2620 N. Mannheim Rd.,Franklin Park,60131,Cook,(847) 451-5144,Monday - Friday 6 a.m. - 9 p.m. Saturday 7 a.m. - 5 p.m. Sunday 9 a.m. - 5 p.m.,41.926273,-87.885044,2026-07-03T04:15:02+00:00
Evanston (Robert Crown Center),Cook County (suburban),1801 Main St,Evanston,60202,Cook,(847) 448-8258,Monday - Sunday 6:00 a.m. - 11:00 p.m.,42.034226,-87.698035,2026-07-03T04:15:02+00:00
Evanston (Noyes Cultural Arts Center),Cook County (suburban),927 Noyes St.,Evanston,60201,Cook,(847) 866-5917,Monday - Wednesday 8:30 a.m. - 9:30 p.m. Thursday - Saturday 9:00 a.m. - 11:00 p.m. Sunday 9:00 a.m. - 6:00 p.m.,42.058969,-87.684622,2026-07-03T04:15:02+00:00
Evanston (Levy Senior Center),Cook County (suburban),300 Dodge Ave.,Evanston,60202,Cook,(847) 448-8250,Monday - Sunday 9:00 a.m. - 8:00 p.m.,42.023431,-87.699949,2026-07-03T04:15:02+00:00
Evanston,Cook County (suburban),1703 Orrington Ave.,Evanston,60201,Cook,(847) 448-8600,"Monday - Wednesday CLOSED, Thursday 9:00 a.m. - 9:00 p.m. Friday - Saturday 9:00 a.m. - 6:00 p.m. Sunday 12:00 p.m. - 6:00 p.m.",42.048423,-87.680042,2026-07-03T04:15:02+00:00
Evanston (Fleetwood Jourdain Community Center),Cook County (suburban),1655 Foster St.,Evanston,60201,Cook,(847)448-4311,Monday - Sunday 9:00 a.m. - 8:00 p.m.,42.054354,-87.695204,2026-07-03T04:15:02+00:00
Niles Township,Cook County (suburban),5255 Lincoln Ave,Skokie,60077,Cook,(847) 673-9300,Monday - Friday 9:00 a.m. - 5:00 p.m. Closed: Saturday and Sunday,42.033543,-87.759071,2026-07-03T04:15:02+00:00
Village of Barrington (Train Station),Cook County (suburban),201 S. Spring St.,Barrington,60010,Cook,(847) 304-3300,6am-10pm M-F (Main Station) except on holidays,42.152563,-88.133304,2026-07-03T04:15:02+00:00
Proviso Township,Cook County (suburban),4565 Harrison St.,Hillside,60162,Cook,(708) 449-4300,Open: Monday - Friday 8:30a - 4:30p. Closed Saturday and Sunday,41.869905,-87.897056,2026-07-03T04:15:02+00:00
Worth Township (Worth Library),Cook County (suburban),6917 W. 111th St.,Worth,60482,Cook,(708) 448-2855,Open: Monday - Thursday 9:00a - 8:00p Friday 9:00a - 5:00p Saturday 10:00a - 2:00p Sunday-Closed,41.689722,-87.792373,2026-07-03T04:15:02+00:00
Orland Township,Cook County (suburban),14807 Ravinia Ave.,Orland Park,60462,Cook,(708) 403-4222,Monday - Friday 8:00a -4:30p. Closed: Saturday and Sunday,41.620755,-87.856417,2026-07-03T04:15:02+00:00
Tinley Park (Bettenhausen Rec Center),Cook County (suburban),8125 W. 171st. St.,Tinley Park,60477,Cook,(708) 532-9111,24/7 during a severe heat wave or if needed by a Tinley Park resident.,41.578948,-87.814966,2026-07-03T04:15:02+00:00
Riverside Township,Cook County (suburban),27 Riverside Rd.,Riverside,60546,Cook,(708) 442-4400,Monday - Thursday 9:00 a.m. - 5:00 p.m.  Friday 9:00 a.m.-4:00 p.m.  Saturday & Sunday - Closed,41.826317,-87.818496,2026-07-03T04:15:02+00:00
Brookfield (Linda Sokol Francis Brookfield Library),Cook County (suburban),3541 Park Ave.,Brookfield,60513,Cook,708-485-6917 x121,"Monday - Thursday 10:00 a.m. - 9:00 p.m., Friday & Saturday 10:00 a.m. - 6:00 p.m., Sunday - Closed",41.826097,-87.848656,2026-07-03T04:15:02+00:00
Tinley Park (Police Department),Cook County (suburban),7850 W. 183rd St.,Tinley Park,60477,Cook,(708) 532- 9111,24/7 during a severe heat wave or if needed by a Tinley Park resident.,41.558918,-87.8081,2026-07-03T04:15:02+00:00
Cicero (Public Library),Cook County (suburban),5225 W. Cermak Rd.,Cicero,60804,Cook,(708) 656-3600,"Monday, Tuesday, Thursday - 9:00 a.m. - 8:00 p.m.",41.851009,-87.755189,2026-07-03T04:15:02+00:00
