hazard,action,lead_agency,priority,status,funding
Flood,Stormwater and culvert upgrades,IDNR / Local,High,Planning,BRIC / HMGP
Flood,Buyouts and elevation of repetitive-loss homes,IEMA-OHS / Local,High,In Progress,HMGP / FMA
Flood,Nature-based floodplain restoration,IDNR,Medium,Planning,BRIC / State
Tornado,Community safe rooms,IEMA-OHS / Local,High,Planning,HMGP
Tornado,Outdoor warning siren expansion,County EMA,Medium,In Progress,Local / HMGP
Severe Storm,Backup power for critical facilities,IEMA-OHS / Local,High,Planning,HMGP
Severe Storm,Tree and power-line hardening,Utilities / Local,Medium,Not Started,Utility / Local
Winter Storm,Warming center coordination,County EMA,High,In Progress,State / Local
Winter Storm,Road salt and snow-removal capacity plan,IDOT / Local,Medium,Planning,State / Local
Extreme Heat,Cooling center coordination,IEMA-OHS / Local,High,Planning,State / Local
Extreme Heat,Heat preparedness outreach to older adults,IDPH,High,Not Started,Public Health Funding
Extreme Heat,Tree canopy and cool-roof program,Local,Medium,Planning,BRIC / Local
Drought,Water-use restrictions and supply planning,IDNR / Local,Medium,Planning,State / Local
Drought,Wildfire and grass-fire response readiness,Local fire districts,Low,Not Started,Local
Earthquake,Critical facility seismic assessment,IEMA-OHS,Low,Planning,NEHRP / HMGP
Earthquake,Building code compliance audit,Local,Low,Not Started,Local
